timestamp,sender,receiver,amount,category
2024-11-25 10:30:00,Sahil,Aryan,1500.50,payment
2024-11-25 11:15:00,Aryan,GITHUBBBBB,250.00,transfer
2024-11-25 14:20:00,Alice,GITHUBBBBB,3200.00,invoice
2024-11-25 15:45:00,GITHUBBBBB,Alice,150.00,refund
2024-11-26 09:00:00,Aryan,Alice,500.00,payment
2024-11-26 10:30:00,Alice,Aryan,800.00,transfer
2024-11-26 13:15:00,GITHUBBBBB,Aryan,1200.00,invoice
2024-11-26 16:00:00,Aryan,GITHUBBBBB,450.00,payment
2024-11-27 08:30:00,Alice,Aryan,2500.00,invoice
2024-11-27 12:00:00,GITHUBBBBB,Alice,750.00,transfer
2024-11-27 14:45:00,Alice,GITHUBBBBB,1800.00,payment
2024-11-27 17:30:00,Aryan,Alice,950.00,refund
2024-11-28 09:15:00,GITHUBBBBB,Aryan,3500.00,invoice
2024-11-28 11:30:00,Alice,Aryan,600.00,transfer
2024-11-28 15:00:00,Aryan,GITHUBBBBB,1100.00,payment
q,w,e,r,t,y,u,i
